"分類","路徑","副檔名","大小Bytes","最後修改時間"
"01_網站原始素材","素材庫\01_網站原始素材\公司簡介 ABOUT US\公司簡介2023 中.docx",".docx","17923","2026-05-21 21:40:40"
"01_網站原始素材","素材庫\01_網站原始素材\公司簡介 ABOUT US\公司簡介2023 英.docx",".docx","20324","2026-05-21 21:40:40"
"01_網站原始素材","素材庫\01_網站原始素材\公司簡介 ABOUT US\歷史沿革2023  中 英.docx",".docx","17288","2026-05-21 21:40:40"
"01_網站原始素材","素材庫\01_網站原始素材\品質管制 QUALITY CONTROL\ISO證書(壓縮).jpg",".jpg","115646","2026-05-21 21:40:40"
"01_網站原始素材","素材庫\01_網站原始素材\品質管制 QUALITY CONTROL\ISO證書.jpg",".jpg","6230464","2026-05-21 21:40:40"
"01_網站原始素材","素材庫\01_網站原始素材\品質管制 QUALITY CONTROL\描述2023 中 英.docx",".docx","19538","2026-05-21 21:40:40"
"01_網站原始素材","素材庫\01_網站原始素材\客製服務 CUSTOMIZED SERVICES\1.服務介紹 Service Introduction\服務介紹2023  中、英.docx",".docx","20240","2026-05-21 21:40:40"
"01_網站原始素材","素材庫\01_網站原始素材\客製服務 CUSTOMIZED SERVICES\1.服務介紹 Service Introduction\認識合金鋼&特殊合金鋼2023  中、英.docx",".docx","19274","2026-05-21 21:40:40"
"01_網站原始素材","素材庫\01_網站原始素材\客製服務 CUSTOMIZED SERVICES\2.鎳合金鋼 Nickel-Alloy Steel\1.png",".png","887072","2026-05-21 21:40:40"
"01_網站原始素材","素材庫\01_網站原始素材\客製服務 CUSTOMIZED SERVICES\2.鎳合金鋼 Nickel-Alloy Steel\10.png",".png","5435363","2026-05-21 21:40:40"
"01_網站原始素材","素材庫\01_網站原始素材\客製服務 CUSTOMIZED SERVICES\2.鎳合金鋼 Nickel-Alloy Steel\11.png",".png","3664577","2026-05-21 21:40:40"
"01_網站原始素材","素材庫\01_網站原始素材\客製服務 CUSTOMIZED SERVICES\2.鎳合金鋼 Nickel-Alloy Steel\12.png",".png","1936416","2026-05-21 21:40:40"
"01_網站原始素材","素材庫\01_網站原始素材\客製服務 CUSTOMIZED SERVICES\2.鎳合金鋼 Nickel-Alloy Steel\13.png",".png","2655807","2026-05-21 21:40:40"
"01_網站原始素材","素材庫\01_網站原始素材\客製服務 CUSTOMIZED SERVICES\2.鎳合金鋼 Nickel-Alloy Steel\14.png",".png","2247043","2026-05-21 21:40:40"
"01_網站原始素材","素材庫\01_網站原始素材\客製服務 CUSTOMIZED SERVICES\2.鎳合金鋼 Nickel-Alloy Steel\15.png",".png","47779","2026-05-21 21:40:40"
"01_網站原始素材","素材庫\01_網站原始素材\客製服務 CUSTOMIZED SERVICES\2.鎳合金鋼 Nickel-Alloy Steel\2.png",".png","1204306","2026-05-21 21:40:40"
"01_網站原始素材","素材庫\01_網站原始素材\客製服務 CUSTOMIZED SERVICES\2.鎳合金鋼 Nickel-Alloy Steel\3.png",".png","1701680","2026-05-21 21:40:40"
"01_網站原始素材","素材庫\01_網站原始素材\客製服務 CUSTOMIZED SERVICES\2.鎳合金鋼 Nickel-Alloy Steel\4結合.jpg",".jpg","591204","2026-05-21 21:40:40"
"01_網站原始素材","素材庫\01_網站原始素材\客製服務 CUSTOMIZED SERVICES\2.鎳合金鋼 Nickel-Alloy Steel\5.png",".png","1107682","2026-05-21 21:40:40"
"01_網站原始素材","素材庫\01_網站原始素材\客製服務 CUSTOMIZED SERVICES\2.鎳合金鋼 Nickel-Alloy Steel\6.png",".png","1660422","2026-05-21 21:40:40"
"01_網站原始素材","素材庫\01_網站原始素材\客製服務 CUSTOMIZED SERVICES\2.鎳合金鋼 Nickel-Alloy Steel\7.png",".png","1807657","2026-05-21 21:40:40"
"01_網站原始素材","素材庫\01_網站原始素材\客製服務 CUSTOMIZED SERVICES\2.鎳合金鋼 Nickel-Alloy Steel\8.png",".png","1939057","2026-05-21 21:40:40"
"01_網站原始素材","素材庫\01_網站原始素材\客製服務 CUSTOMIZED SERVICES\2.鎳合金鋼 Nickel-Alloy Steel\9.png",".png","979779","2026-05-21 21:40:40"
"01_網站原始素材","素材庫\01_網站原始素材\客製服務 CUSTOMIZED SERVICES\2.鎳合金鋼 Nickel-Alloy Steel\OLD\1-1.png",".png","978725","2026-05-21 21:40:40"
"01_網站原始素材","素材庫\01_網站原始素材\客製服務 CUSTOMIZED SERVICES\2.鎳合金鋼 Nickel-Alloy Steel\OLD\11-1.png",".png","3664577","2026-05-21 21:40:40"
"01_網站原始素材","素材庫\01_網站原始素材\客製服務 CUSTOMIZED SERVICES\2.鎳合金鋼 Nickel-Alloy Steel\OLD\1-2.png",".png","887072","2026-05-21 21:40:40"
"01_網站原始素材","素材庫\01_網站原始素材\客製服務 CUSTOMIZED SERVICES\2.鎳合金鋼 Nickel-Alloy Steel\OLD\-12.png",".png","1966074","2026-05-21 21:40:40"
"01_網站原始素材","素材庫\01_網站原始素材\客製服務 CUSTOMIZED SERVICES\2.鎳合金鋼 Nickel-Alloy Steel\OLD\2-1.png",".png","1237731","2026-05-21 21:40:40"
"01_網站原始素材","素材庫\01_網站原始素材\客製服務 CUSTOMIZED SERVICES\2.鎳合金鋼 Nickel-Alloy Steel\OLD\4.png",".png","1606842","2026-05-21 21:40:40"
"01_網站原始素材","素材庫\01_網站原始素材\客製服務 CUSTOMIZED SERVICES\2.鎳合金鋼 Nickel-Alloy Steel\OLD\4-1.png",".png","1435271","2026-05-21 21:40:40"
"01_網站原始素材","素材庫\01_網站原始素材\客製服務 CUSTOMIZED SERVICES\2.鎳合金鋼 Nickel-Alloy Steel\OLD\鎳合金鋼 (1).jpg",".jpg","954785","2026-05-21 21:40:40"
"01_網站原始素材","素材庫\01_網站原始素材\客製服務 CUSTOMIZED SERVICES\2.鎳合金鋼 Nickel-Alloy Steel\OLD\鎳合金鋼 (10).JPG",".jpg","2878838","2026-05-21 21:40:40"
"01_網站原始素材","素材庫\01_網站原始素材\客製服務 CUSTOMIZED SERVICES\2.鎳合金鋼 Nickel-Alloy Steel\OLD\鎳合金鋼 (11).JPG",".jpg","994516","2026-05-21 21:40:40"
"01_網站原始素材","素材庫\01_網站原始素材\客製服務 CUSTOMIZED SERVICES\2.鎳合金鋼 Nickel-Alloy Steel\OLD\鎳合金鋼 (12).JPG",".jpg","975430","2026-05-21 21:40:40"
"01_網站原始素材","素材庫\01_網站原始素材\客製服務 CUSTOMIZED SERVICES\2.鎳合金鋼 Nickel-Alloy Steel\OLD\鎳合金鋼 (13).JPG",".jpg","954785","2026-05-21 21:40:40"
"01_網站原始素材","素材庫\01_網站原始素材\客製服務 CUSTOMIZED SERVICES\2.鎳合金鋼 Nickel-Alloy Steel\OLD\鎳合金鋼 (14).JPG",".jpg","4543531","2026-05-21 21:40:40"
"01_網站原始素材","素材庫\01_網站原始素材\客製服務 CUSTOMIZED SERVICES\2.鎳合金鋼 Nickel-Alloy Steel\OLD\鎳合金鋼 (15).JPG",".jpg","4304559","2026-05-21 21:40:40"
"01_網站原始素材","素材庫\01_網站原始素材\客製服務 CUSTOMIZED SERVICES\2.鎳合金鋼 Nickel-Alloy Steel\OLD\鎳合金鋼 (16).JPG",".jpg","4710768","2026-05-21 21:40:40"
"01_網站原始素材","素材庫\01_網站原始素材\客製服務 CUSTOMIZED SERVICES\2.鎳合金鋼 Nickel-Alloy Steel\OLD\鎳合金鋼 (17).JPG",".jpg","1292840","2026-05-21 21:40:40"
"01_網站原始素材","素材庫\01_網站原始素材\客製服務 CUSTOMIZED SERVICES\2.鎳合金鋼 Nickel-Alloy Steel\OLD\鎳合金鋼 (18).JPG",".jpg","1289174","2026-05-21 21:40:40"
"01_網站原始素材","素材庫\01_網站原始素材\客製服務 CUSTOMIZED SERVICES\2.鎳合金鋼 Nickel-Alloy Steel\OLD\鎳合金鋼 (19).JPG",".jpg","1349704","2026-05-21 21:40:40"
"01_網站原始素材","素材庫\01_網站原始素材\客製服務 CUSTOMIZED SERVICES\2.鎳合金鋼 Nickel-Alloy Steel\OLD\鎳合金鋼 (2).JPG",".jpg","2086182","2026-05-21 21:40:40"
"01_網站原始素材","素材庫\01_網站原始素材\客製服務 CUSTOMIZED SERVICES\2.鎳合金鋼 Nickel-Alloy Steel\OLD\鎳合金鋼 (3).JPG",".jpg","3198036","2026-05-21 21:40:40"
"01_網站原始素材","素材庫\01_網站原始素材\客製服務 CUSTOMIZED SERVICES\2.鎳合金鋼 Nickel-Alloy Steel\OLD\鎳合金鋼 (4).JPG",".jpg","2603505","2026-05-21 21:40:40"
"01_網站原始素材","素材庫\01_網站原始素材\客製服務 CUSTOMIZED SERVICES\2.鎳合金鋼 Nickel-Alloy Steel\OLD\鎳合金鋼 (5).JPG",".jpg","2399424","2026-05-21 21:40:40"
"01_網站原始素材","素材庫\01_網站原始素材\客製服務 CUSTOMIZED SERVICES\2.鎳合金鋼 Nickel-Alloy Steel\OLD\鎳合金鋼 (6).JPG",".jpg","2150198","2026-05-21 21:40:40"
"01_網站原始素材","素材庫\01_網站原始素材\客製服務 CUSTOMIZED SERVICES\2.鎳合金鋼 Nickel-Alloy Steel\OLD\鎳合金鋼 (7).JPG",".jpg","1168607","2026-05-21 21:40:40"
"01_網站原始素材","素材庫\01_網站原始素材\客製服務 CUSTOMIZED SERVICES\2.鎳合金鋼 Nickel-Alloy Steel\OLD\鎳合金鋼 (8).JPG",".jpg","1273131","2026-05-21 21:40:40"
"01_網站原始素材","素材庫\01_網站原始素材\客製服務 CUSTOMIZED SERVICES\2.鎳合金鋼 Nickel-Alloy Steel\OLD\鎳合金鋼 (9).JPG",".jpg","1142150","2026-05-21 21:40:40"
"01_網站原始素材","素材庫\01_網站原始素材\客製服務 CUSTOMIZED SERVICES\3.鉻鉬合金鋼 Chrome-Mo. Steel\4140\1.png",".png","5961081","2026-05-21 21:40:40"
"01_網站原始素材","素材庫\01_網站原始素材\客製服務 CUSTOMIZED SERVICES\3.鉻鉬合金鋼 Chrome-Mo. Steel\4140\2.png",".png","1810022","2026-05-21 21:40:40"
"01_網站原始素材","素材庫\01_網站原始素材\客製服務 CUSTOMIZED SERVICES\3.鉻鉬合金鋼 Chrome-Mo. Steel\4140\3.png",".png","2667229","2026-05-21 21:40:40"
"01_網站原始素材","素材庫\01_網站原始素材\客製服務 CUSTOMIZED SERVICES\3.鉻鉬合金鋼 Chrome-Mo. Steel\4140\OLD\IMG_2805.JPG",".jpg","4874548","2026-05-21 21:40:40"
"01_網站原始素材","素材庫\01_網站原始素材\客製服務 CUSTOMIZED SERVICES\3.鉻鉬合金鋼 Chrome-Mo. Steel\4140\OLD\IMG_3139.JPG",".jpg","1175126","2026-05-21 21:40:40"
"01_網站原始素材","素材庫\01_網站原始素材\客製服務 CUSTOMIZED SERVICES\3.鉻鉬合金鋼 Chrome-Mo. Steel\4140\OLD\IMG_3143.JPG",".jpg","1153785","2026-05-21 21:40:40"
"01_網站原始素材","素材庫\01_網站原始素材\客製服務 CUSTOMIZED SERVICES\3.鉻鉬合金鋼 Chrome-Mo. Steel\SCM415\1.png",".png","1714883","2026-05-21 21:40:40"
"01_網站原始素材","素材庫\01_網站原始素材\客製服務 CUSTOMIZED SERVICES\3.鉻鉬合金鋼 Chrome-Mo. Steel\SCM415\OLD\IMG_3144.JPG",".jpg","1100294","2026-05-21 21:40:40"
"01_網站原始素材","素材庫\01_網站原始素材\客製服務 CUSTOMIZED SERVICES\3.鉻鉬合金鋼 Chrome-Mo. Steel\SCM435\1.png",".png","2252270","2026-05-21 21:40:40"
"01_網站原始素材","素材庫\01_網站原始素材\客製服務 CUSTOMIZED SERVICES\3.鉻鉬合金鋼 Chrome-Mo. Steel\SCM435\2.png",".png","2660288","2026-05-21 21:40:40"
"01_網站原始素材","素材庫\01_網站原始素材\客製服務 CUSTOMIZED SERVICES\3.鉻鉬合金鋼 Chrome-Mo. Steel\SCM435\OLD\IMG_2565.JPG",".jpg","1112056","2026-05-21 21:40:40"
"01_網站原始素材","素材庫\01_網站原始素材\客製服務 CUSTOMIZED SERVICES\3.鉻鉬合金鋼 Chrome-Mo. Steel\SCM435\OLD\IMG_3141.JPG",".jpg","1156334","2026-05-21 21:40:40"
"01_網站原始素材","素材庫\01_網站原始素材\客製服務 CUSTOMIZED SERVICES\4.鎳鉻鉬合金鋼 Nickel-Cr.-Mo. Steel\8620\1.png",".png","2206079","2026-05-21 21:40:40"
"01_網站原始素材","素材庫\01_網站原始素材\客製服務 CUSTOMIZED SERVICES\4.鎳鉻鉬合金鋼 Nickel-Cr.-Mo. Steel\8620\2.png",".png","913014","2026-05-21 21:40:40"
"01_網站原始素材","素材庫\01_網站原始素材\客製服務 CUSTOMIZED SERVICES\4.鎳鉻鉬合金鋼 Nickel-Cr.-Mo. Steel\8620\3.png",".png","690564","2026-05-21 21:40:40"
"01_網站原始素材","素材庫\01_網站原始素材\客製服務 CUSTOMIZED SERVICES\4.鎳鉻鉬合金鋼 Nickel-Cr.-Mo. Steel\8620\OLD\1.png",".png","2201350","2026-05-21 21:40:40"
"01_網站原始素材","素材庫\01_網站原始素材\客製服務 CUSTOMIZED SERVICES\4.鎳鉻鉬合金鋼 Nickel-Cr.-Mo. Steel\8620\OLD\8620 (1).JPG",".jpg","2964431","2026-05-21 21:40:40"
"01_網站原始素材","素材庫\01_網站原始素材\客製服務 CUSTOMIZED SERVICES\4.鎳鉻鉬合金鋼 Nickel-Cr.-Mo. Steel\8620\OLD\8620 (2).JPG",".jpg","3018358","2026-05-21 21:40:40"
"01_網站原始素材","素材庫\01_網站原始素材\客製服務 CUSTOMIZED SERVICES\4.鎳鉻鉬合金鋼 Nickel-Cr.-Mo. Steel\8620\OLD\8620 (3).JPG",".jpg","1090811","2026-05-21 21:40:40"
"01_網站原始素材","素材庫\01_網站原始素材\客製服務 CUSTOMIZED SERVICES\4.鎳鉻鉬合金鋼 Nickel-Cr.-Mo. Steel\8620\OLD\8620 (4).JPG",".jpg","992880","2026-05-21 21:40:40"
"01_網站原始素材","素材庫\01_網站原始素材\客製服務 CUSTOMIZED SERVICES\4.鎳鉻鉬合金鋼 Nickel-Cr.-Mo. Steel\8640\1.png",".png","1826397","2026-05-21 21:40:40"
"01_網站原始素材","素材庫\01_網站原始素材\客製服務 CUSTOMIZED SERVICES\4.鎳鉻鉬合金鋼 Nickel-Cr.-Mo. Steel\8640\2.png",".png","5143065","2026-05-21 21:40:40"
"01_網站原始素材","素材庫\01_網站原始素材\客製服務 CUSTOMIZED SERVICES\4.鎳鉻鉬合金鋼 Nickel-Cr.-Mo. Steel\8640\3.png",".png","2803557","2026-05-21 21:40:40"
"01_網站原始素材","素材庫\01_網站原始素材\客製服務 CUSTOMIZED SERVICES\4.鎳鉻鉬合金鋼 Nickel-Cr.-Mo. Steel\8640\OLD\8640 (1).JPG",".jpg","1084179","2026-05-21 21:40:40"
"01_網站原始素材","素材庫\01_網站原始素材\客製服務 CUSTOMIZED SERVICES\4.鎳鉻鉬合金鋼 Nickel-Cr.-Mo. Steel\8640\OLD\8640 (2).JPG",".jpg","4764170","2026-05-21 21:40:40"
"01_網站原始素材","素材庫\01_網站原始素材\客製服務 CUSTOMIZED SERVICES\4.鎳鉻鉬合金鋼 Nickel-Cr.-Mo. Steel\8640\OLD\8640 (3).JPG",".jpg","1130529","2026-05-21 21:40:40"
"01_網站原始素材","素材庫\01_網站原始素材\客製服務 CUSTOMIZED SERVICES\5.不鏽鋼 Stainless Steel\17-4PH\1.png",".png","1813752","2026-05-21 21:40:40"
"01_網站原始素材","素材庫\01_網站原始素材\客製服務 CUSTOMIZED SERVICES\5.不鏽鋼 Stainless Steel\17-4PH\2.png",".png","1968971","2026-05-21 21:40:40"
"01_網站原始素材","素材庫\01_網站原始素材\客製服務 CUSTOMIZED SERVICES\5.不鏽鋼 Stainless Steel\17-4PH\3.png",".png","560123","2026-05-21 21:40:40"
"01_網站原始素材","素材庫\01_網站原始素材\客製服務 CUSTOMIZED SERVICES\5.不鏽鋼 Stainless Steel\17-4PH\4.png",".png","653124","2026-05-21 21:40:40"
"01_網站原始素材","素材庫\01_網站原始素材\客製服務 CUSTOMIZED SERVICES\5.不鏽鋼 Stainless Steel\17-4PH\5.png",".png","760607","2026-05-21 21:40:40"
"01_網站原始素材","素材庫\01_網站原始素材\客製服務 CUSTOMIZED SERVICES\5.不鏽鋼 Stainless Steel\17-4PH\OLD\1-1.png",".png","1813752","2026-05-21 21:40:40"
"01_網站原始素材","素材庫\01_網站原始素材\客製服務 CUSTOMIZED SERVICES\5.不鏽鋼 Stainless Steel\17-4PH\OLD\17-4PH (1).JPG",".jpg","3935105","2026-05-21 21:40:40"
"01_網站原始素材","素材庫\01_網站原始素材\客製服務 CUSTOMIZED SERVICES\5.不鏽鋼 Stainless Steel\17-4PH\OLD\17-4PH (2).JPG",".jpg","3268512","2026-05-21 21:40:40"
"01_網站原始素材","素材庫\01_網站原始素材\客製服務 CUSTOMIZED SERVICES\5.不鏽鋼 Stainless Steel\17-4PH\OLD\17-4PH (3).JPG",".jpg","2701047","2026-05-21 21:40:40"
"01_網站原始素材","素材庫\01_網站原始素材\客製服務 CUSTOMIZED SERVICES\5.不鏽鋼 Stainless Steel\17-4PH\OLD\17-4PH (4).JPG",".jpg","2926177","2026-05-21 21:40:40"
"01_網站原始素材","素材庫\01_網站原始素材\客製服務 CUSTOMIZED SERVICES\5.不鏽鋼 Stainless Steel\17-4PH\OLD\17-4PH (5).JPG",".jpg","1300001","2026-05-21 21:40:40"
"01_網站原始素材","素材庫\01_網站原始素材\客製服務 CUSTOMIZED SERVICES\5.不鏽鋼 Stainless Steel\17-4PH\OLD\17-4PH (6).JPG",".jpg","1074297","2026-05-21 21:40:40"
"01_網站原始素材","素材庫\01_網站原始素材\客製服務 CUSTOMIZED SERVICES\5.不鏽鋼 Stainless Steel\316L\1.png",".png","703090","2026-05-21 21:40:40"
"01_網站原始素材","素材庫\01_網站原始素材\客製服務 CUSTOMIZED SERVICES\5.不鏽鋼 Stainless Steel\316L\2.png",".png","88918","2026-05-21 21:40:40"
"01_網站原始素材","素材庫\01_網站原始素材\客製服務 CUSTOMIZED SERVICES\5.不鏽鋼 Stainless Steel\316L\3.png",".png","2323737","2026-05-21 21:40:40"
"01_網站原始素材","素材庫\01_網站原始素材\客製服務 CUSTOMIZED SERVICES\5.不鏽鋼 Stainless Steel\316L\4.png",".png","175779","2026-05-21 21:40:40"
"01_網站原始素材","素材庫\01_網站原始素材\客製服務 CUSTOMIZED SERVICES\5.不鏽鋼 Stainless Steel\316L\5.png",".png","1261271","2026-05-21 21:40:40"
"01_網站原始素材","素材庫\01_網站原始素材\客製服務 CUSTOMIZED SERVICES\5.不鏽鋼 Stainless Steel\316L\6.png",".png","1323567","2026-05-21 21:40:40"
"01_網站原始素材","素材庫\01_網站原始素材\客製服務 CUSTOMIZED SERVICES\5.不鏽鋼 Stainless Steel\316L\OLD\-2.png",".png","2099292","2026-05-21 21:40:40"
"01_網站原始素材","素材庫\01_網站原始素材\客製服務 CUSTOMIZED SERVICES\5.不鏽鋼 Stainless Steel\316L\OLD\316L (1).jpg",".jpg","1041539","2026-05-21 21:40:40"
"01_網站原始素材","素材庫\01_網站原始素材\客製服務 CUSTOMIZED SERVICES\5.不鏽鋼 Stainless Steel\316L\OLD\316L (2).JPG",".jpg","3336742","2026-05-21 21:40:40"
"01_網站原始素材","素材庫\01_網站原始素材\客製服務 CUSTOMIZED SERVICES\5.不鏽鋼 Stainless Steel\316L\OLD\316L (3).JPG",".jpg","3068763","2026-05-21 21:40:40"
"01_網站原始素材","素材庫\01_網站原始素材\客製服務 CUSTOMIZED SERVICES\5.不鏽鋼 Stainless Steel\316L\OLD\316L (4).JPG",".jpg","2287900","2026-05-21 21:40:40"
"01_網站原始素材","素材庫\01_網站原始素材\客製服務 CUSTOMIZED SERVICES\5.不鏽鋼 Stainless Steel\316L\OLD\316L (5).JPG",".jpg","2022016","2026-05-21 21:40:40"
"01_網站原始素材","素材庫\01_網站原始素材\客製服務 CUSTOMIZED SERVICES\5.不鏽鋼 Stainless Steel\316L\OLD\316L (6).JPG",".jpg","4901976","2026-05-21 21:40:40"
"01_網站原始素材","素材庫\01_網站原始素材\客製服務 CUSTOMIZED SERVICES\5.不鏽鋼 Stainless Steel\316L\OLD\316L (7).JPG",".jpg","4747908","2026-05-21 21:40:40"
"01_網站原始素材","素材庫\01_網站原始素材\客製服務 CUSTOMIZED SERVICES\5.不鏽鋼 Stainless Steel\316L\OLD\4.png",".png","4191532","2026-05-21 21:40:40"
"01_網站原始素材","素材庫\01_網站原始素材\客製服務 CUSTOMIZED SERVICES\5.不鏽鋼 Stainless Steel\316L\OLD\4-1.png",".png","181908","2026-05-21 21:40:40"
"01_網站原始素材","素材庫\01_網站原始素材\客製服務 CUSTOMIZED SERVICES\5.不鏽鋼 Stainless Steel\316L\OLD\-6.png",".png","4104697","2026-05-21 21:40:40"
"01_網站原始素材","素材庫\01_網站原始素材\客製服務 CUSTOMIZED SERVICES\6.高速鋼 High-Speed Steel\1.png",".png","978980","2026-05-21 21:40:40"
"01_網站原始素材","素材庫\01_網站原始素材\客製服務 CUSTOMIZED SERVICES\6.高速鋼 High-Speed Steel\2.png",".png","3262988","2026-05-21 21:40:40"
"01_網站原始素材","素材庫\01_網站原始素材\客製服務 CUSTOMIZED SERVICES\6.高速鋼 High-Speed Steel\OLD\2-1.png",".png","3281654","2026-05-21 21:40:40"
"01_網站原始素材","素材庫\01_網站原始素材\客製服務 CUSTOMIZED SERVICES\6.高速鋼 High-Speed Steel\OLD\高速鋼 (1).JPG",".jpg","2916070","2026-05-21 21:40:40"
"01_網站原始素材","素材庫\01_網站原始素材\客製服務 CUSTOMIZED SERVICES\6.高速鋼 High-Speed Steel\OLD\高速鋼 (2).JPG",".jpg","2283359","2026-05-21 21:40:40"
"01_網站原始素材","素材庫\01_網站原始素材\客製服務 CUSTOMIZED SERVICES\6.高速鋼 High-Speed Steel\OLD\高速鋼 (3).JPG",".jpg","2251221","2026-05-21 21:40:40"
"01_網站原始素材","素材庫\01_網站原始素材\客製服務 CUSTOMIZED SERVICES\7.其他材質 Other Material\1.png",".png","805430","2026-05-21 21:40:40"
"01_網站原始素材","素材庫\01_網站原始素材\客製服務 CUSTOMIZED SERVICES\7.其他材質 Other Material\OLD\鎢炭鋼.JPG",".jpg","1140484","2026-05-21 21:40:40"
"01_網站原始素材","素材庫\01_網站原始素材\客製服務 CUSTOMIZED SERVICES\英文標題.xlsx",".xlsx","9502","2026-05-21 21:40:40"
"01_網站原始素材","素材庫\01_網站原始素材\首頁\Banner\標語 中、英.docx",".docx","830277","2026-05-21 21:40:40"
"01_網站原始素材","素材庫\01_網站原始素材\首頁\MIM擴展歷程2023  中、英.docx",".docx","13886","2026-05-21 21:40:40"
"01_網站原始素材","素材庫\01_網站原始素材\首頁\客製服務 CUSTOMIZED SERVICES\(中間)\IMG_2473.JPG",".jpg","2701047","2026-05-21 21:40:40"
"01_網站原始素材","素材庫\01_網站原始素材\首頁\客製服務 CUSTOMIZED SERVICES\(中間)\文字 中、英.txt",".txt","70","2026-05-21 21:40:40"
"01_網站原始素材","素材庫\01_網站原始素材\首頁\客製服務 CUSTOMIZED SERVICES\(右邊)\IMG_2479.JPG",".jpg","3234162","2026-05-21 21:40:40"
"01_網站原始素材","素材庫\01_網站原始素材\首頁\客製服務 CUSTOMIZED SERVICES\(右邊)\文字 中、英.txt",".txt","68","2026-05-21 21:40:40"
"01_網站原始素材","素材庫\01_網站原始素材\首頁\客製服務 CUSTOMIZED SERVICES\(左邊)\IMG_2485.JPG",".jpg","2739889","2026-05-21 21:40:40"
"01_網站原始素材","素材庫\01_網站原始素材\首頁\客製服務 CUSTOMIZED SERVICES\(左邊)\IMG_2486.JPG",".jpg","2979864","2026-05-21 21:40:40"
"01_網站原始素材","素材庫\01_網站原始素材\首頁\客製服務 CUSTOMIZED SERVICES\(左邊)\文字 中、英.txt",".txt","67","2026-05-21 21:40:40"
"01_網站原始素材","素材庫\01_網站原始素材\電子型錄 E-CATALOG\CCF20170921_頁面_01.jpg",".jpg","605675","2026-05-21 21:40:40"
"01_網站原始素材","素材庫\01_網站原始素材\電子型錄 E-CATALOG\CCF20170921_頁面_02.jpg",".jpg","786605","2026-05-21 21:40:40"
"01_網站原始素材","素材庫\01_網站原始素材\電子型錄 E-CATALOG\CCF20170921_頁面_03.jpg",".jpg","1520616","2026-05-21 21:40:40"
"01_網站原始素材","素材庫\01_網站原始素材\電子型錄 E-CATALOG\CCF20170921_頁面_04.jpg",".jpg","1981893","2026-05-21 21:40:40"
"01_網站原始素材","素材庫\01_網站原始素材\電子型錄 E-CATALOG\CCF20170921_頁面_05.jpg",".jpg","2091228","2026-05-21 21:40:40"
"01_網站原始素材","素材庫\01_網站原始素材\電子型錄 E-CATALOG\CCF20170921_頁面_06.jpg",".jpg","1017000","2026-05-21 21:40:40"
"01_網站原始素材","素材庫\01_網站原始素材\電子型錄 E-CATALOG\CCF20170921_頁面_07.jpg",".jpg","1247019","2026-05-21 21:40:40"
"01_網站原始素材","素材庫\01_網站原始素材\電子型錄 E-CATALOG\CCF20170921_頁面_08.jpg",".jpg","1064819","2026-05-21 21:40:40"
"01_網站原始素材","素材庫\01_網站原始素材\電子型錄 E-CATALOG\CCF20170921_頁面_09.jpg",".jpg","975963","2026-05-21 21:40:40"
"01_網站原始素材","素材庫\01_網站原始素材\電子型錄 E-CATALOG\CCF20170921_頁面_10.jpg",".jpg","854922","2026-05-21 21:40:40"
"01_網站原始素材","素材庫\01_網站原始素材\電子型錄 E-CATALOG\CCF20170921_頁面_11.jpg",".jpg","945382","2026-05-21 21:40:40"
"01_網站原始素材","素材庫\01_網站原始素材\電子型錄 E-CATALOG\CCF20170921_頁面_12.jpg",".jpg","436254","2026-05-21 21:40:40"
"01_網站原始素材","素材庫\01_網站原始素材\電子型錄 E-CATALOG\公司目錄－中.docx",".docx","14626785","2026-05-21 21:40:40"
"01_網站原始素材","素材庫\01_網站原始素材\電子型錄 E-CATALOG\公司目錄－中.pptx",".pptx","14830050","2026-05-21 21:40:40"
"01_網站原始素材","素材庫\01_網站原始素材\電子型錄 E-CATALOG\公司目錄－中1.xlsx",".xlsx","14596891","2026-05-21 21:40:40"
"01_網站原始素材","素材庫\01_網站原始素材\電子型錄 E-CATALOG\公司目錄－中w 9-11.docx",".docx","68031","2026-05-21 21:40:40"
"01_網站原始素材","素材庫\01_網站原始素材\電子型錄 E-CATALOG\公司目錄－中w.docx",".docx","84562","2026-05-21 21:40:40"
"01_網站原始素材","素材庫\01_網站原始素材\電子型錄 E-CATALOG\活頁簿2.xlsx",".xlsx","12952","2026-05-21 21:40:40"
"01_網站原始素材","素材庫\01_網站原始素材\電子型錄 E-CATALOG\新增資料夾\公司目錄－中_頁面_01.jpg",".jpg","65223","2026-05-21 21:40:40"
"01_網站原始素材","素材庫\01_網站原始素材\電子型錄 E-CATALOG\新增資料夾\公司目錄－中_頁面_02.jpg",".jpg","211494","2026-05-21 21:40:40"
"01_網站原始素材","素材庫\01_網站原始素材\電子型錄 E-CATALOG\新增資料夾\公司目錄－中_頁面_03.jpg",".jpg","485093","2026-05-21 21:40:40"
"01_網站原始素材","素材庫\01_網站原始素材\電子型錄 E-CATALOG\新增資料夾\公司目錄－中_頁面_04.jpg",".jpg","360995","2026-05-21 21:40:40"
"01_網站原始素材","素材庫\01_網站原始素材\電子型錄 E-CATALOG\新增資料夾\公司目錄－中_頁面_05.jpg",".jpg","295550","2026-05-21 21:40:40"
"01_網站原始素材","素材庫\01_網站原始素材\電子型錄 E-CATALOG\新增資料夾\公司目錄－中_頁面_06.jpg",".jpg","287099","2026-05-21 21:40:40"
"01_網站原始素材","素材庫\01_網站原始素材\電子型錄 E-CATALOG\新增資料夾\公司目錄－中_頁面_07.jpg",".jpg","192811","2026-05-21 21:40:40"
"01_網站原始素材","素材庫\01_網站原始素材\電子型錄 E-CATALOG\新增資料夾\公司目錄－中_頁面_08.jpg",".jpg","406387","2026-05-21 21:40:40"
"01_網站原始素材","素材庫\01_網站原始素材\電子型錄 E-CATALOG\新增資料夾\公司目錄－中_頁面_09.jpg",".jpg","289937","2026-05-21 21:40:40"
"01_網站原始素材","素材庫\01_網站原始素材\電子型錄 E-CATALOG\新增資料夾\公司目錄－中_頁面_10.jpg",".jpg","265886","2026-05-21 21:40:40"
"01_網站原始素材","素材庫\01_網站原始素材\電子型錄 E-CATALOG\新增資料夾\公司目錄－中_頁面_11.jpg",".jpg","184209","2026-05-21 21:40:40"
"01_網站原始素材","素材庫\01_網站原始素材\電子型錄 E-CATALOG\新增資料夾\公司目錄－中_頁面_12.jpg",".jpg","44597","2026-05-21 21:40:40"
"01_網站原始素材","素材庫\01_網站原始素材\電子型錄 E-CATALOG\電子型錄.pdf",".pdf","13563809","2026-05-21 21:40:40"
"01_網站原始素材","素材庫\01_網站原始素材\製程能力 EQUIPMENT\設備\射出機.jpg",".jpg","23030","2026-05-21 21:40:40"
"01_網站原始素材","素材庫\01_網站原始素材\製程能力 EQUIPMENT\設備\燒結爐.jpg",".jpg","78037","2026-05-21 21:40:40"
"01_網站原始素材","素材庫\01_網站原始素材\製程能力 EQUIPMENT\描述2023 中、英.docx",".docx","19471","2026-05-21 21:40:40"
"02_型錄簡報與文件","素材庫\02_型錄簡報與文件\公司目錄－中(部分).pptx",".pptx","1970019","2026-05-21 21:40:40"
"02_型錄簡報與文件","素材庫\02_型錄簡報與文件\公司目錄－英 - 複製.pptx",".pptx","1990892","2026-05-21 21:40:40"
"02_型錄簡報與文件","素材庫\02_型錄簡報與文件\公司目錄－英.pptx",".pptx","7411074","2026-05-21 21:40:40"
"02_型錄簡報與文件","素材庫\02_型錄簡報與文件\磁粉檢測MT.docx",".docx","64647","2026-05-21 21:40:40"
"02_型錄簡報與文件","素材庫\02_型錄簡報與文件\震欣科技公司目錄－中.pdf",".pdf","7036391","2026-05-21 21:40:40"
"02_型錄簡報與文件","素材庫\02_型錄簡報與文件\震欣科技公司目錄－英.pdf",".pdf","3845071","2026-05-21 21:40:40"
"03_交接與參考","素材庫\03_交接與參考\ChatGPT Image 2026年5月22日 上午05_29_11.png",".png","962640","2026-05-22 05:29:11"
"03_交接與參考","素材庫\03_交接與參考\開發轉移說明.txt",".txt","1178","2026-05-21 22:06:36"
"說明文件","素材庫\README.md",".md","700","2026-05-22 07:34:24"
